listitemid;kurzname;langname;parentlistitemid;entityid
139182;Bund;;0;139182
139183;Land;;0;139183
139185;NRW-Stiftung;;0;139185
139186;Privat;;0;139186
144701;Kreis, kreisfreie Stadt;;0;144701
144702;Verband;;0;144702
144703;Verein;;0;144703
149520;LEG;;0;149520
175885;Stadt, Gemeinde;;0;139184
201270;sonstige;;0;155703
201271;Kommunal;;0;172525
365892;Privatwald;;0;7886
365893;Kommunalwald;;0;7888
365894;Staatswald;;0;7889
397187;Körperschaft öffentlichen Rechts;;0;168903
559439;Naturschutzverband;;0;2981
