name;kuerzel;Atom_ID;info;info_mobile;wiss_name;uuid
Alexandersittich;Asi;152933;http://brutvogelatlas.nw-ornithologen.de/artkapitel/Alexandersittich;http://brutvogelatlas.nw-ornithologen.de/artkapitel/Alexandersittich;Psittacula eupatria;{11c09ec1-640d-4516-acdc-8b5ae637ce35}
Alpenbraunelle;Ab;172603;https://duckduckgo.com/?q=Alpenbraunelle+NRW;https://duckduckgo.com/?q=Alpenbraunelle+NRW;Prunella collaris;{398fe5f4-07c8-4398-8fa9-f16b678cbc66}
Alpendohle;Ad;160532;https://duckduckgo.com/?q=Alpendohle+NRW;https://duckduckgo.com/?q=Alpendohle+NRW;Pyrrhocorax graculus;{d3ab9180-ec5e-41b3-b824-b544081f00a0}
Alpenschneehuhn;Ash;172604;https://duckduckgo.com/?q=Alpenschneehuhn+NRW;https://duckduckgo.com/?q=Alpenschneehuhn+NRW;Lagopus mutus subsp. helveticus;{85c33e48-6284-4504-9195-354bd3742f21}
Alpensegler;As;159263;https://duckduckgo.com/?q=Alpensegler+NRW;https://duckduckgo.com/?q=Alpensegler+NRW;Apus melba;{1b97ca2e-c9d8-4f5a-baf4-62a1113d57bb}
Alpenstrandläufer;Asl;103119;https://duckduckgo.com/?q=Alpenstrandläufer+NRW;https://duckduckgo.com/?q=Alpenstrandläufer+NRW;Calidris alpina;{c43106a6-87fb-4375-aff1-5dabc8087761}
Amsel;A;103083;http://brutvogelatlas.nw-ornithologen.de/artkapitel/Amsel;http://brutvogelatlas.nw-ornithologen.de/artkapitel/Amsel;Turdus merula;{80925da7-6d80-4aac-902e-3b24ad078e7d}
Auerhuhn;Ah;103020;https://duckduckgo.com/?q=Auerhuhn+NRW;https://duckduckgo.com/?q=Auerhuhn+NRW;Tetrao urogallus;{42247bc4-e768-4b93-a061-eb7e250211b7}
Austernfischer;Au;102945;http://brutvogelatlas.nw-ornithologen.de/artkapitel/Austernfischer;http://brutvogelatlas.nw-ornithologen.de/artkapitel/Austernfischer;Haematopus ostralegus;{ad8b05f6-5998-4248-8e64-d5aacbb6f049}
Bachstelze;Ba;103165;http://brutvogelatlas.nw-ornithologen.de/artkapitel/Bachstelze;http://brutvogelatlas.nw-ornithologen.de/artkapitel/Bachstelze;Motacilla alba;{b4dff062-0495-4bb4-b364-d2827ce82fd3}
Bartmeise;Bam;103084;http://brutvogelatlas.nw-ornithologen.de/artkapitel/Bartmeise;http://brutvogelatlas.nw-ornithologen.de/artkapitel/Bartmeise;Panurus biarmicus;{bac01fe4-ca61-4bdb-9228-96b07a480ae0}
Basstölpel;Btö;159264;https://duckduckgo.com/?q=Basstölpel+NRW;https://duckduckgo.com/?q=Basstölpel+NRW;Sula bassana;{3f98ba15-27e3-49d1-a343-59801b0482f4}
Baumfalke;Bf;102979;http://brutvogelatlas.nw-ornithologen.de/artkapitel/Baumfalke;http://brutvogelatlas.nw-ornithologen.de/artkapitel/Baumfalke;Falco subbuteo;{9e55ec89-17be-41d0-9ccc-7fb553607357}
Baumpieper;Bp;103166;http://brutvogelatlas.nw-ornithologen.de/artkapitel/Baumpieper;http://brutvogelatlas.nw-ornithologen.de/artkapitel/Baumpieper;Anthus trivialis;{08ac5b39-56d7-4f7c-8355-c988ce16c1be}
Bekassine;Be;103120;http://brutvogelatlas.nw-ornithologen.de/artkapitel/Bekassine;http://brutvogelatlas.nw-ornithologen.de/artkapitel/Bekassine;Gallinago gallinago;{4db4a104-7c6a-4bf6-bda8-747d222420a8}
Bergente;Bg;102952;https://duckduckgo.com/?q=Bergente+NRW;https://duckduckgo.com/?q=Bergente+NRW;Aythya marila;{9e632201-0fff-47df-a18a-7786f8882d44}
Bergfink;Ber;102983;https://duckduckgo.com/?q=Bergfink+NRW;https://duckduckgo.com/?q=Bergfink+NRW;Fringilla montifringilla;{6428f2bf-6933-48d1-8a06-375c81a4c5c1}
Berglaubsänger;Bls;159267;https://duckduckgo.com/?q=Berglaubsänger+NRW;https://duckduckgo.com/?q=Berglaubsänger+NRW;Phylloscopus bonelli;{579921d8-0ea8-45c5-8b60-729a22eda46d}
Bergpieper;Bep;103167;https://duckduckgo.com/?q=Bergpieper+NRW;https://duckduckgo.com/?q=Bergpieper+NRW;Anthus spinoletta spinoletta;{21634a6b-0255-4da3-aea8-327db24b449d}
Beutelmeise;Bem;102948;http://brutvogelatlas.nw-ornithologen.de/artkapitel/Beutelmeise;http://brutvogelatlas.nw-ornithologen.de/artkapitel/Beutelmeise;Remiz pendulinus;{45bc4cae-44e5-451e-9308-cd4867b831fa}
Bienenfresser;Bie;102949;http://brutvogelatlas.nw-ornithologen.de/artkapitel/Bienenfresser;http://brutvogelatlas.nw-ornithologen.de/artkapitel/Bienenfresser;Merops apiaster;{6280bca8-9e7c-47e9-8b14-33e39ddaffbd}
Bindenkreuzschnabel;Bks;159268;https://duckduckgo.com/?q=Bindenkreuzschnabel+NRW;https://duckduckgo.com/?q=Bindenkreuzschnabel+NRW;Loxia leucoptera;{8d16b0a5-b432-4b07-ae39-b4c210ccf7a7}
Birkenzeisig;Bz;102985;http://brutvogelatlas.nw-ornithologen.de/artkapitel/Birkenzeisig;http://brutvogelatlas.nw-ornithologen.de/artkapitel/Birkenzeisig;Carduelis flammea;{0fdb986b-0d1d-4a67-b034-85c73f2eefd4}
Birkhuhn;Bih;103021;https://duckduckgo.com/?q=Birkhuhn+NRW;https://duckduckgo.com/?q=Birkhuhn+NRW;Tetrao tetrix;{ed63597f-9659-4c38-9afb-5ecb02d78501}
Blaukehlchen;Blk;103085;http://brutvogelatlas.nw-ornithologen.de/artkapitel/Blaukehlchen;http://brutvogelatlas.nw-ornithologen.de/artkapitel/Blaukehlchen;Luscinia svecica;{491ed465-27b2-4995-9bb4-d49f655c3eb8}
Blaumeise;Bm;103039;http://brutvogelatlas.nw-ornithologen.de/artkapitel/Blaumeise;http://brutvogelatlas.nw-ornithologen.de/artkapitel/Blaumeise;Parus caeruleus;{396bcffd-746b-4ffb-9b35-b56bd2132569}
Blauracke;Blr;103063;https://duckduckgo.com/?q=Blauracke+NRW;https://duckduckgo.com/?q=Blauracke+NRW;Coracias garrulus;{ef7efcf9-74e4-49eb-b820-4e8c9ff22173}
Bluthänfling;Hä;152931;http://brutvogelatlas.nw-ornithologen.de/artkapitel/Bluthänfling;http://brutvogelatlas.nw-ornithologen.de/artkapitel/Bluthänfling;Carduelis cannabina;{170b8661-22e7-4f55-bccc-017bbaacdc0c}
Blässgans;Blg;102998;http://brutvogelatlas.nw-ornithologen.de/artkapitel/Blässgans;http://brutvogelatlas.nw-ornithologen.de/artkapitel/Blässgans;Anser albifrons;{5d26600c-9a48-4a27-abd5-a9e2deff89fb}
Blässhuhn;Br;103064;http://brutvogelatlas.nw-ornithologen.de/artkapitel/Blässhuhn;http://brutvogelatlas.nw-ornithologen.de/artkapitel/Blässhuhn;Fulica atra;{afd22713-9135-40d3-a42f-cebf41eda531}
Brachpieper;Brp;103168;http://brutvogelatlas.nw-ornithologen.de/artkapitel/Brachpieper;http://brutvogelatlas.nw-ornithologen.de/artkapitel/Brachpieper;Anthus campestris;{d9da8251-5d59-478a-999c-96618614018b}
Brandgans;Brg;102999;http://brutvogelatlas.nw-ornithologen.de/artkapitel/Brandgans;http://brutvogelatlas.nw-ornithologen.de/artkapitel/Brandgans;Tadorna tadorna;{82bc90a6-27a6-407d-b322-28ce3337d095}
Brandseeschwalbe;Bss;159270;https://duckduckgo.com/?q=Brandseeschwalbe+NRW;https://duckduckgo.com/?q=Brandseeschwalbe+NRW;Sterna sandvicensis;{ebde0225-fead-46b3-859c-8a486b6e3e87}
Braunkehlchen;Bk;103086;http://brutvogelatlas.nw-ornithologen.de/artkapitel/Braunkehlchen;http://brutvogelatlas.nw-ornithologen.de/artkapitel/Braunkehlchen;Saxicola rubetra;{f6344fb1-427b-401e-8430-c2940a8d8117}
Brautente;Bre;102953;http://brutvogelatlas.nw-ornithologen.de/artkapitel/Brautente;http://brutvogelatlas.nw-ornithologen.de/artkapitel/Brautente;Aix sponsa;{46dd81cc-515e-4d75-a1c8-066978639272}
Bruchwasserläufer;Bwl;103121;https://duckduckgo.com/?q=Bruchwasserläufer+NRW;https://duckduckgo.com/?q=Bruchwasserläufer+NRW;Tringa glareola;{079a406e-e4e8-419c-89d8-fda14581a91e}
Buchfink;B;102986;http://brutvogelatlas.nw-ornithologen.de/artkapitel/Buchfink;http://brutvogelatlas.nw-ornithologen.de/artkapitel/Buchfink;Fringilla coelebs;{0ec0982f-6d67-45e6-96ef-dc9e3759bb54}
Buntspecht;Bs;103156;http://brutvogelatlas.nw-ornithologen.de/artkapitel/Buntspecht;http://brutvogelatlas.nw-ornithologen.de/artkapitel/Buntspecht;Dendrocopos major;{874ae5d0-377c-46fa-98f6-57d7335d5c1b}
Chileflamingo;Cf;152932;http://brutvogelatlas.nw-ornithologen.de/artkapitel/Chileflamingo;http://brutvogelatlas.nw-ornithologen.de/artkapitel/Chileflamingo;Phoenicopterus chilensis;{a37509d7-e604-47bc-8904-0587ccedb806}
Dohle;D;103055;http://brutvogelatlas.nw-ornithologen.de/artkapitel/Dohle;http://brutvogelatlas.nw-ornithologen.de/artkapitel/Dohle;Coloeus monedula;{d0efbb08-e92f-43b1-9529-44b588d5ae3d}
Doppelschnepfe;Ds;103122;https://duckduckgo.com/?q=Doppelschnepfe+NRW;https://duckduckgo.com/?q=Doppelschnepfe+NRW;Gallinago media;{ecd3c360-160c-40ce-83d8-ecb88cc937ca}
Dorngrasmücke;Dg;103087;http://brutvogelatlas.nw-ornithologen.de/artkapitel/Dorngrasmücke;http://brutvogelatlas.nw-ornithologen.de/artkapitel/Dorngrasmücke;Sylvia communis;{955227c7-d93b-4256-8e9e-fba686e39000}
Dreizehenmöwe;Dzm;103045;https://duckduckgo.com/?q=Dreizehenmöwe+NRW;https://duckduckgo.com/?q=Dreizehenmöwe+NRW;Rissa tridactyla;{58b21427-ec6d-4bf7-ace7-bdde4448efad}
Dreizehenspecht;Dzs;172606;https://duckduckgo.com/?q=Dreizehenspecht+NRW;https://duckduckgo.com/?q=Dreizehenspecht+NRW;Picoides tridactylus;{526b7592-af8d-4478-9fa4-dd8bed2b879f}
Drosselrohrsänger;Drs;103088;http://brutvogelatlas.nw-ornithologen.de/artkapitel/Drosselrohrsänger;http://brutvogelatlas.nw-ornithologen.de/artkapitel/Drosselrohrsänger;Acrocephalus arundinaceus;{062f69f1-6e8e-4d5f-b3e5-2ecb29120fd6}
Eichelhäher;Ei;103056;http://brutvogelatlas.nw-ornithologen.de/artkapitel/Eichelhäher;http://brutvogelatlas.nw-ornithologen.de/artkapitel/Eichelhäher;Garrulus glandarius;{283a4549-d64b-4250-abd4-ca6a974deae6}
Eiderente;Ed;102954;http://brutvogelatlas.nw-ornithologen.de/artkapitel/Eiderente;http://brutvogelatlas.nw-ornithologen.de/artkapitel/Eiderente;Somateria mollissima;{36e59ad1-1ef0-408a-b981-060c9b02261e}
Eissturmvogel;Esv;159372;https://duckduckgo.com/?q=Eissturmvogel+NRW;https://duckduckgo.com/?q=Eissturmvogel+NRW;Fulmarus glacialis;{9acc3b59-60d6-43b3-a05c-d987f59480d0}
Eisvogel;Ev;102951;http://brutvogelatlas.nw-ornithologen.de/artkapitel/Eisvogel;http://brutvogelatlas.nw-ornithologen.de/artkapitel/Eisvogel;Alcedo atthis;{99c2734d-466f-4594-a72d-ef6df40e61f9}
Elster;E;103057;http://brutvogelatlas.nw-ornithologen.de/artkapitel/Elster;http://brutvogelatlas.nw-ornithologen.de/artkapitel/Elster;Pica pica;{c6eb07ee-5a4a-4bc8-9d7f-6cf52631d8cd}
Erlenzeisig;Ez;102987;http://brutvogelatlas.nw-ornithologen.de/artkapitel/Erlenzeisig;http://brutvogelatlas.nw-ornithologen.de/artkapitel/Erlenzeisig;Carduelis spinus;{a2f9abff-1858-4c1a-ba71-8a98c8abce9f}
Feldlerche;Fl;103035;http://brutvogelatlas.nw-ornithologen.de/artkapitel/Feldlerche;http://brutvogelatlas.nw-ornithologen.de/artkapitel/Feldlerche;Alauda arvensis;{2113f23f-27aa-425d-9524-5ab83ae0684c}
Feldschwirl;Fs;103089;http://brutvogelatlas.nw-ornithologen.de/artkapitel/Feldschwirl;http://brutvogelatlas.nw-ornithologen.de/artkapitel/Feldschwirl;Locustella naevia;{b1f52f28-93a6-4863-80b0-bd128282b612}
Feldsperling;Fe;103182;http://brutvogelatlas.nw-ornithologen.de/artkapitel/Feldsperling;http://brutvogelatlas.nw-ornithologen.de/artkapitel/Feldsperling;Passer montanus;{5501b8e1-c06c-4029-ae95-ff1fec7e8ec3}
Felsenschwalbe;Fel;172607;https://duckduckgo.com/?q=Felsenschwalbe+NRW;https://duckduckgo.com/?q=Felsenschwalbe+NRW;Ptyonoprogne rupestris;{4ed7916d-9b33-4a93-ae32-187aafb85917}
Fichtenkreuzschnabel;Fk;102988;http://brutvogelatlas.nw-ornithologen.de/artkapitel/Fichtenkreuzschnabel;http://brutvogelatlas.nw-ornithologen.de/artkapitel/Fichtenkreuzschnabel;Loxia curvirostra;{dfc92212-14ca-482f-a11e-a6a4bb0371fb}
Fischadler;Fia;103007;https://duckduckgo.com/?q=Fischadler+NRW;https://duckduckgo.com/?q=Fischadler+NRW;Pandion haliaetus;{e31d202f-63d0-49a1-a739-e0548a43eb95}
Fitis;F;103090;http://brutvogelatlas.nw-ornithologen.de/artkapitel/Fitis;http://brutvogelatlas.nw-ornithologen.de/artkapitel/Fitis;Phylloscopus trochilus;{d392451e-ef52-4c9b-87c0-27ae789ea066}
Flussregenpfeifer;Frp;103071;http://brutvogelatlas.nw-ornithologen.de/artkapitel/Flussregenpfeifer;http://brutvogelatlas.nw-ornithologen.de/artkapitel/Flussregenpfeifer;Charadrius dubius;{41765551-0843-46b2-851f-a958d5727b53}
Flussseeschwalbe;Fss;103150;http://brutvogelatlas.nw-ornithologen.de/artkapitel/Flussseeschwalbe;http://brutvogelatlas.nw-ornithologen.de/artkapitel/Flussseeschwalbe;Sterna hirundo;{afb16d5f-932c-451c-82d4-6305bc01b085}
Flussuferläufer;Ful;103124;https://duckduckgo.com/?q=Flussuferläufer+NRW;https://duckduckgo.com/?q=Flussuferläufer+NRW;Actitis hypoleucos;{ab31ced1-6764-47fd-b044-affda6d11451}
Gartenbaumläufer;Gb;102946;http://brutvogelatlas.nw-ornithologen.de/artkapitel/Gartenbaumläufer;http://brutvogelatlas.nw-ornithologen.de/artkapitel/Gartenbaumläufer;Certhia brachydactyla;{8234afff-f8d0-4bbd-b124-e9086dbc2c41}
Gartengrasmücke;Gg;103091;http://brutvogelatlas.nw-ornithologen.de/artkapitel/Gartengrasmücke;http://brutvogelatlas.nw-ornithologen.de/artkapitel/Gartengrasmücke;Sylvia borin;{cfdcdede-ed60-4048-b233-6d4746fef4fb}
Gartenrotschwanz;Gr;103092;http://brutvogelatlas.nw-ornithologen.de/artkapitel/Gartenrotschwanz;http://brutvogelatlas.nw-ornithologen.de/artkapitel/Gartenrotschwanz;Phoenicurus phoenicurus;{da8b5984-5753-445c-a6cf-0c013b43c21d}
Gebirgsstelze;Ge;103169;http://brutvogelatlas.nw-ornithologen.de/artkapitel/Gebirgsstelze;http://brutvogelatlas.nw-ornithologen.de/artkapitel/Gebirgsstelze;Motacilla cinerea;{e7a441c9-0bdc-4adc-b3c9-e873d31839e8}
Gelbspötter;Gp;103093;http://brutvogelatlas.nw-ornithologen.de/artkapitel/Gelbspötter;http://brutvogelatlas.nw-ornithologen.de/artkapitel/Gelbspötter;Hippolais icterina;{ddbbcbad-2d02-4f4a-b877-14776be3e2d2}
Gimpel;Gim;102989;http://brutvogelatlas.nw-ornithologen.de/artkapitel/Gimpel;http://brutvogelatlas.nw-ornithologen.de/artkapitel/Gimpel;Pyrrhula pyrrhula;{7bfc94c5-ed63-4959-9719-ec4f135c69bb}
Girlitz;Gi;102990;http://brutvogelatlas.nw-ornithologen.de/artkapitel/Girlitz;http://brutvogelatlas.nw-ornithologen.de/artkapitel/Girlitz;Serinus serinus;{dd782c7d-6db6-4ac6-aa86-c6fb43cd8cfc}
Goldammer;G;102938;http://brutvogelatlas.nw-ornithologen.de/artkapitel/Goldammer;http://brutvogelatlas.nw-ornithologen.de/artkapitel/Goldammer;Emberiza citrinella;{bedeb66f-12c4-45d0-93af-b6d37ad9d27f}
Goldregenpfeifer;Grp;103072;https://duckduckgo.com/?q=Goldregenpfeifer+NRW;https://duckduckgo.com/?q=Goldregenpfeifer+NRW;Pluvialis apricaria;{a4058d8f-583d-4e07-98de-5c2c6824848d}
Grauammer;Ga;102939;http://brutvogelatlas.nw-ornithologen.de/artkapitel/Grauammer;http://brutvogelatlas.nw-ornithologen.de/artkapitel/Grauammer;Emberiza calandra;{30d0213d-7e26-42ce-abe8-3ec133edfc82}
Graugans;Gra;103000;http://brutvogelatlas.nw-ornithologen.de/artkapitel/Graugans;http://brutvogelatlas.nw-ornithologen.de/artkapitel/Graugans;Anser anser;{54820c5a-3332-4b6d-9399-a50aab559630}
Graureiher;Grr;103076;http://brutvogelatlas.nw-ornithologen.de/artkapitel/Graureiher;http://brutvogelatlas.nw-ornithologen.de/artkapitel/Graureiher;Ardea cinerea;{6602a9b4-55cf-461f-b675-178d57b333d5}
Grauschnäpper;Gs;103094;http://brutvogelatlas.nw-ornithologen.de/artkapitel/Grauschnäpper;http://brutvogelatlas.nw-ornithologen.de/artkapitel/Grauschnäpper;Muscicapa striata;{8551b35f-b5f7-4ccf-821d-489fbd8653ae}
Grauspecht;Gsp;103157;http://brutvogelatlas.nw-ornithologen.de/artkapitel/Grauspecht;http://brutvogelatlas.nw-ornithologen.de/artkapitel/Grauspecht;Picus canus;{f7713680-7b18-485c-aaaf-903a53b7a122}
Großer Brachvogel;Gbv;103125;http://brutvogelatlas.nw-ornithologen.de/artkapitel/Großer Brachvogel;http://brutvogelatlas.nw-ornithologen.de/artkapitel/Großer Brachvogel;Numenius arquata;{9d215952-d89b-403e-ac33-6d9be3159235}
Großtrappe;Gt;159385;https://duckduckgo.com/?q=Großtrappe+NRW;https://duckduckgo.com/?q=Großtrappe+NRW;Otis tarda;{3a23b959-f74d-45df-9b08-88f23e584d9b}
Grünfink;Gf;102991;http://brutvogelatlas.nw-ornithologen.de/artkapitel/Grünfink;http://brutvogelatlas.nw-ornithologen.de/artkapitel/Grünfink;Carduelis chloris;{477c0f74-2918-4c17-8297-a60888c904a2}
Grünlaubsänger;Grl;159386;https://duckduckgo.com/?q=Grünlaubsänger+NRW;https://duckduckgo.com/?q=Grünlaubsänger+NRW;Phylloscopus trochiloides;{0bc71f81-cead-4938-a8a3-c512ac07d4a9}
Grünschenkel;Güs;103126;https://duckduckgo.com/?q=Grünschenkel+NRW;https://duckduckgo.com/?q=Grünschenkel+NRW;Tringa nebularia;{f8dbbed8-6d89-44ce-ae74-865aa68e1f42}
Grünspecht;Gü;103158;http://brutvogelatlas.nw-ornithologen.de/artkapitel/Grünspecht;http://brutvogelatlas.nw-ornithologen.de/artkapitel/Grünspecht;Picus viridis;{eb99f5a4-e9a1-40e9-827f-1720f0ad538e}
Gänsesäger;Gäs;103080;https://duckduckgo.com/?q=Gänsesäger+NRW;https://duckduckgo.com/?q=Gänsesäger+NRW;Mergus merganser;{e4d57ca4-9d40-42be-87b5-e10f31a32dd5}
Habicht;Ha;103008;http://brutvogelatlas.nw-ornithologen.de/artkapitel/Habicht;http://brutvogelatlas.nw-ornithologen.de/artkapitel/Habicht;Accipiter gentilis;{c6b836e3-e53a-4c7c-8c24-c1db325ea229}
Habichtskauz;Hz;159388;https://duckduckgo.com/?q=Habichtskauz+NRW;https://duckduckgo.com/?q=Habichtskauz+NRW;Strix uralensis;{4cb2ff57-8f95-47b6-bd47-a0df4247f46e}
Halsbandschnäpper;Hb;159390;https://duckduckgo.com/?q=Halsbandschnäpper+NRW;https://duckduckgo.com/?q=Halsbandschnäpper+NRW;Ficedula albicollis;{258213b5-a5f1-4ed4-baf3-3c1f7ea926c6}
Halsbandsittich;Hbs;103053;http://brutvogelatlas.nw-ornithologen.de/artkapitel/Halsbandsittich;http://brutvogelatlas.nw-ornithologen.de/artkapitel/Halsbandsittich;Psittacula krameri;{5f177119-9f42-49ed-811e-4f993bab1f8e}
Haselhuhn;Has;103023;http://brutvogelatlas.nw-ornithologen.de/artkapitel/Haselhuhn;http://brutvogelatlas.nw-ornithologen.de/artkapitel/Haselhuhn;Tetrastes bonasia;{0d1b7a72-561e-4ca5-8cbe-b93ed066b249}
Haubenlerche;Hl;103036;http://brutvogelatlas.nw-ornithologen.de/artkapitel/Haubenlerche;http://brutvogelatlas.nw-ornithologen.de/artkapitel/Haubenlerche;Galerida cristata;{a7d68394-5c18-47d8-9c8a-bb49f37b2fce}
Haubenmeise;Hm;103040;http://brutvogelatlas.nw-ornithologen.de/artkapitel/Haubenmeise;http://brutvogelatlas.nw-ornithologen.de/artkapitel/Haubenmeise;Parus cristatus;{bd15d1d8-7b01-481d-bd93-1280ebddf29c}
Haubentaucher;Ht;103030;http://brutvogelatlas.nw-ornithologen.de/artkapitel/Haubentaucher;http://brutvogelatlas.nw-ornithologen.de/artkapitel/Haubentaucher;Podiceps cristatus;{a4d9a347-4b05-40ba-bc11-548336c2a87a}
Hausrotschwanz;Hr;103095;http://brutvogelatlas.nw-ornithologen.de/artkapitel/Hausrotschwanz;http://brutvogelatlas.nw-ornithologen.de/artkapitel/Hausrotschwanz;Phoenicurus ochruros;{ca0b72a0-7456-40cc-9a61-4624a1690097}
Haussperling;H;103183;http://brutvogelatlas.nw-ornithologen.de/artkapitel/Haussperling;http://brutvogelatlas.nw-ornithologen.de/artkapitel/Haussperling;Passer domesticus;{83d91a72-e9c7-4f4f-b576-6f04d698e2ca}
Heckenbraunelle;He;102950;http://brutvogelatlas.nw-ornithologen.de/artkapitel/Heckenbraunelle;http://brutvogelatlas.nw-ornithologen.de/artkapitel/Heckenbraunelle;Prunella modularis;{90c2344d-e579-44db-83e7-884140456b0f}
Heidelerche;Hei;103037;http://brutvogelatlas.nw-ornithologen.de/artkapitel/Heidelerche;http://brutvogelatlas.nw-ornithologen.de/artkapitel/Heidelerche;Lullula arborea;{9035a81e-9e5a-4715-8e21-ca7b4bcae598}
Heringsmöwe;Her;103046;http://brutvogelatlas.nw-ornithologen.de/artkapitel/Heringsmöwe;http://brutvogelatlas.nw-ornithologen.de/artkapitel/Heringsmöwe;Larus fuscus;{12698bab-2986-41f8-af71-99f1d1555039}
Hohltaube;Hot;103177;http://brutvogelatlas.nw-ornithologen.de/artkapitel/Hohltaube;http://brutvogelatlas.nw-ornithologen.de/artkapitel/Hohltaube;Columba oenas;{6fb82710-07ab-45fe-a9ff-ea5b3390e62e}
Höckerschwan;Hö;103141;http://brutvogelatlas.nw-ornithologen.de/artkapitel/Höckerschwan;http://brutvogelatlas.nw-ornithologen.de/artkapitel/Höckerschwan;Cygnus olor;{443644e4-4db3-4c18-82e6-e2b7b2e1857b}
Jagdfasan;Fa;103022;http://brutvogelatlas.nw-ornithologen.de/artkapitel/Jagdfasan;http://brutvogelatlas.nw-ornithologen.de/artkapitel/Jagdfasan;Phasianus colchicus;{f8c40e7b-2cc6-4f5d-a742-347f5c48bddd}
Kampfläufer;Ka;103127;https://duckduckgo.com/?q=Kampfläufer+NRW;https://duckduckgo.com/?q=Kampfläufer+NRW;Philomachus pugnax;{5a97498e-495e-4d7f-827e-e1bdabd439be}
Kanadagans;Kag;103001;http://brutvogelatlas.nw-ornithologen.de/artkapitel/Kanadagans;http://brutvogelatlas.nw-ornithologen.de/artkapitel/Kanadagans;Branta canadensis;{be243964-b2af-4799-be39-a1f1ede3d1f0}
Karmingimpel;Kar;102994;https://duckduckgo.com/?q=Karmingimpel+NRW;https://duckduckgo.com/?q=Karmingimpel+NRW;Carpodacus erythrinus;{e7c0c898-9c15-493f-9249-36c6e974eeba}
Kernbeißer;Kb;102995;http://brutvogelatlas.nw-ornithologen.de/artkapitel/Kernbeißer;http://brutvogelatlas.nw-ornithologen.de/artkapitel/Kernbeißer;Coccothraustes coccothraustes;{848a8f8f-db9a-4fe0-b306-0a4155be00bb}
Kiebitz;Ki;103073;http://brutvogelatlas.nw-ornithologen.de/artkapitel/Kiebitz;http://brutvogelatlas.nw-ornithologen.de/artkapitel/Kiebitz;Vanellus vanellus;{ea9d03a3-e549-4d44-9929-5d848c9f34ff}
Kiefernkreuzschnabel;Kks;159396;https://duckduckgo.com/?q=Kiefernkreuzschnabel+NRW;https://duckduckgo.com/?q=Kiefernkreuzschnabel+NRW;Loxia pytyopsittacus;{5a8235f7-123e-4fde-95d2-c0a031e10890}
Klappergrasmücke;Kg;103096;http://brutvogelatlas.nw-ornithologen.de/artkapitel/Klappergrasmücke;http://brutvogelatlas.nw-ornithologen.de/artkapitel/Klappergrasmücke;Sylvia curruca;{c88c4fb7-4526-408c-9c80-8402e2b112e7}
Kleiber;Kl;103163;http://brutvogelatlas.nw-ornithologen.de/artkapitel/Kleiber;http://brutvogelatlas.nw-ornithologen.de/artkapitel/Kleiber;Sitta europaea;{0bae9ec8-556e-47e3-8592-98ec2477ee77}
Kleines Sumpfhuhn;Ksh;103065;https://duckduckgo.com/?q=Kleines Sumpfhuhn+NRW;https://duckduckgo.com/?q=Kleines Sumpfhuhn+NRW;Porzana parva;{1243c736-ed41-4875-b9b1-edb13d1be04d}
Kleinspecht;Ks;103159;http://brutvogelatlas.nw-ornithologen.de/artkapitel/Kleinspecht;http://brutvogelatlas.nw-ornithologen.de/artkapitel/Kleinspecht;Dryobates minor;{fe288f41-53ed-473e-864a-4949bcd7a5c1}
Knäkente;Kn;102956;http://brutvogelatlas.nw-ornithologen.de/artkapitel/Knäkente;http://brutvogelatlas.nw-ornithologen.de/artkapitel/Knäkente;Anas querquedula;{22eb0996-6360-4d89-80cc-701f1f490776}
Kohlmeise;K;103041;http://brutvogelatlas.nw-ornithologen.de/artkapitel/Kohlmeise;http://brutvogelatlas.nw-ornithologen.de/artkapitel/Kohlmeise;Parus major;{07b637fd-fa69-4e8b-aed0-72c802d1c39c}
Kolbenente;Koe;102957;http://brutvogelatlas.nw-ornithologen.de/artkapitel/Kolbenente;http://brutvogelatlas.nw-ornithologen.de/artkapitel/Kolbenente;Netta rufina;{d6782be1-7642-41a3-88f6-0077be5d65e5}
Kolkrabe;Kra;103058;http://brutvogelatlas.nw-ornithologen.de/artkapitel/Kolkrabe;http://brutvogelatlas.nw-ornithologen.de/artkapitel/Kolkrabe;Corvus corax;{e499b04d-8f39-471e-96b0-c3b37637cc91}
Kormoran;Ko;103027;http://brutvogelatlas.nw-ornithologen.de/artkapitel/Kormoran;http://brutvogelatlas.nw-ornithologen.de/artkapitel/Kormoran;Phalacrocorax carbo;{c973327f-4278-4e9f-998e-f2006b668a8e}
Kornweihe;Kw;103009;http://brutvogelatlas.nw-ornithologen.de/artkapitel/Kornweihe;http://brutvogelatlas.nw-ornithologen.de/artkapitel/Kornweihe;Circus cyaneus;{c86e20b1-a1ae-4180-b649-46d49ec8f150}
Kranich;Kch;103028;http://brutvogelatlas.nw-ornithologen.de/artkapitel/Kranich;http://brutvogelatlas.nw-ornithologen.de/artkapitel/Kranich;Grus grus;{61727623-ef40-4fc3-9cd2-40659600e891}
Krickente;Kr;102958;http://brutvogelatlas.nw-ornithologen.de/artkapitel/Krickente;http://brutvogelatlas.nw-ornithologen.de/artkapitel/Krickente;Anas crecca;{09c644df-d139-44a3-ad98-4e4667ae3c7e}
Kuckuck;Ku;103029;http://brutvogelatlas.nw-ornithologen.de/artkapitel/Kuckuck;http://brutvogelatlas.nw-ornithologen.de/artkapitel/Kuckuck;Cuculus canorus;{f50125b9-7bca-4e89-8fd6-af3d0742ce2a}
Küstenseeschwalbe;Kss;159401;https://duckduckgo.com/?q=Küstenseeschwalbe+NRW;https://duckduckgo.com/?q=Küstenseeschwalbe+NRW;Sterna paradisaea;{08b4e757-834b-483d-b763-81bb1b8d5459}
Lachmöwe;Lm;103047;http://brutvogelatlas.nw-ornithologen.de/artkapitel/Lachmöwe;http://brutvogelatlas.nw-ornithologen.de/artkapitel/Lachmöwe;Larus ridibundus;{2f7fcb15-501e-4ad7-836b-bdee9dc5c44c}
Lachseeschwalbe;Lss;159404;https://duckduckgo.com/?q=Lachseeschwalbe+NRW;https://duckduckgo.com/?q=Lachseeschwalbe+NRW;Gelochelidon nilotica;{9dda54b7-dc96-4509-822f-7748e7a6e269}
Löffelente;Lö;102959;http://brutvogelatlas.nw-ornithologen.de/artkapitel/Löffelente;http://brutvogelatlas.nw-ornithologen.de/artkapitel/Löffelente;Anas clypeata;{4845649c-a548-40b3-a979-ceeca8a0d11b}
Löffler;Lf;159405;https://duckduckgo.com/?q=Löffler+NRW;https://duckduckgo.com/?q=Löffler+NRW;Platalea leucorodia;{4656edf8-a9ba-4bd8-9828-8ce13718201e}
Mandarinente;Mae;102960;http://brutvogelatlas.nw-ornithologen.de/artkapitel/Mandarinente;http://brutvogelatlas.nw-ornithologen.de/artkapitel/Mandarinente;Aix galericulata;{1fde447b-092f-45da-8599-b59ab3cb8e21}
Mantelmöwe;Mm;103048;https://duckduckgo.com/?q=Mantelmöwe+NRW;https://duckduckgo.com/?q=Mantelmöwe+NRW;Larus marinus;{9925e107-0113-44f6-91c6-4e6cdd62758d}
Mariskensänger;Mrs;160529;https://duckduckgo.com/?q=Mariskenrohrsänger+NRW;https://duckduckgo.com/?q=Mariskenrohrsänger+NRW;Acrocephalus melanopogon;{b35fe2c1-adc4-4c8e-b823-b7a6759c0434}
Mauerläufer;Ml;159407;https://duckduckgo.com/?q=Mauerläufer+NRW;https://duckduckgo.com/?q=Mauerläufer+NRW;Tichodroma muraria;{23845ca8-f252-4afe-9800-888a7f5f7f17}
Mauersegler;Ms;103155;http://brutvogelatlas.nw-ornithologen.de/artkapitel/Mauersegler;http://brutvogelatlas.nw-ornithologen.de/artkapitel/Mauersegler;Apus apus;{152175fa-b8eb-4d18-94aa-9d647512a93f}
Mehlschwalbe;M;103146;http://brutvogelatlas.nw-ornithologen.de/artkapitel/Mehlschwalbe;http://brutvogelatlas.nw-ornithologen.de/artkapitel/Mehlschwalbe;Delichon urbicum;{1e66a9ab-7dfa-4257-854a-6c2bb4f45115}
Misteldrossel;Md;103097;http://brutvogelatlas.nw-ornithologen.de/artkapitel/Misteldrossel;http://brutvogelatlas.nw-ornithologen.de/artkapitel/Misteldrossel;Turdus viscivorus;{f796c891-5514-4858-af00-d703249d80fa}
Mittelmeermöwe;Mmm;19573;http://brutvogelatlas.nw-ornithologen.de/artkapitel/Mittelmeermöwe;http://brutvogelatlas.nw-ornithologen.de/artkapitel/Mittelmeermöwe;Larus michahellis;{61595b5c-7562-496b-b9c8-8db9516843b7}
Mittelspecht;Msp;103160;http://brutvogelatlas.nw-ornithologen.de/artkapitel/Mittelspecht;http://brutvogelatlas.nw-ornithologen.de/artkapitel/Mittelspecht;Dendrocopos medius;{d10f066e-2e90-40bd-af51-1629b5e01d20}
Mittelsäger;Mis;103081;https://duckduckgo.com/?q=Mittelsäger+NRW;https://duckduckgo.com/?q=Mittelsäger+NRW;Mergus serrator;{ad691337-6fa9-4541-933e-b1656ba490e1}
Moorente;Moe;102961;https://duckduckgo.com/?q=Moorente+NRW;https://duckduckgo.com/?q=Moorente+NRW;Aythya nyroca;{c8292344-1ddf-4fe6-a318-c6717926539f}
Mäusebussard;Mb;103010;http://brutvogelatlas.nw-ornithologen.de/artkapitel/Mäusebussard;http://brutvogelatlas.nw-ornithologen.de/artkapitel/Mäusebussard;Buteo buteo;{259f1015-a170-4731-8887-37b4013c556e}
Mönchsgrasmücke;Mg;103098;http://brutvogelatlas.nw-ornithologen.de/artkapitel/Mönchsgrasmücke;http://brutvogelatlas.nw-ornithologen.de/artkapitel/Mönchsgrasmücke;Sylvia atricapilla;{5e5a6aca-c394-4dcb-b202-eca794a3b609}
Nachtigall;N;103099;http://brutvogelatlas.nw-ornithologen.de/artkapitel/Nachtigall;http://brutvogelatlas.nw-ornithologen.de/artkapitel/Nachtigall;Luscinia megarhynchos;{d31d5c08-36bf-47c4-ad81-b3d2b7c7a3b2}
Nachtreiher;Nr;159413;https://duckduckgo.com/?q=Nachtreiher+NRW;https://duckduckgo.com/?q=Nachtreiher+NRW;Nycticorax nycticorax;{15f68ecb-c4c8-4abe-9bab-bd0852a935d2}
Nebelkrähe;Nk;103059;https://duckduckgo.com/?q=Nebelkrähe+NRW;https://duckduckgo.com/?q=Nebelkrähe+NRW;Corvus corone cornix;{c91b9a72-43d0-4b78-b8c5-c3515afc0cc7}
Neuntöter;Nt;103185;http://brutvogelatlas.nw-ornithologen.de/artkapitel/Neuntöter;http://brutvogelatlas.nw-ornithologen.de/artkapitel/Neuntöter;Lanius collurio;{c2cf7427-1e73-49c4-b546-5830c2fcb418}
Nilgans;Nig;103003;http://brutvogelatlas.nw-ornithologen.de/artkapitel/Nilgans;http://brutvogelatlas.nw-ornithologen.de/artkapitel/Nilgans;Alopochen aegyptiacus;{0f503e31-0573-4e95-8e0d-381775937f76}
Ohrentaucher;Ot;103031;https://duckduckgo.com/?q=Ohrentaucher+NRW;https://duckduckgo.com/?q=Ohrentaucher+NRW;Podiceps auritus;{79be38bf-1589-40fd-8419-f522892e782e}
Orpheusspötter;Os;103100;http://brutvogelatlas.nw-ornithologen.de/artkapitel/Orpheusspötter;http://brutvogelatlas.nw-ornithologen.de/artkapitel/Orpheusspötter;Hippolais polyglotta;{1b1074fd-4a5b-465b-911d-9b386033bbe0}
Ortolan;O;102940;http://brutvogelatlas.nw-ornithologen.de/artkapitel/Ortolan;http://brutvogelatlas.nw-ornithologen.de/artkapitel/Ortolan;Emberiza hortulana;{babfc5ce-f9a3-4582-b296-c92a9c414491}
Pfeifente;Pfe;102962;https://duckduckgo.com/?q=Pfeifente+NRW;https://duckduckgo.com/?q=Pfeifente+NRW;Anas penelope;{f44269a5-eaf3-4a10-a523-e11557d7769e}
Pirol;P;103054;http://brutvogelatlas.nw-ornithologen.de/artkapitel/Pirol;http://brutvogelatlas.nw-ornithologen.de/artkapitel/Pirol;Oriolus oriolus;{6ca39aa4-d317-4bdc-ba25-d35cf3427b31}
Purpurreiher;Pr;103077;https://duckduckgo.com/?q=Purpurreiher+NRW;https://duckduckgo.com/?q=Purpurreiher+NRW;Ardea purpurea;{c6596cc2-6e7b-446b-8f8d-15d008df2c98}
Rabenkrähe;Rk;152930;http://brutvogelatlas.nw-ornithologen.de/artkapitel/Rabenkrähe;http://brutvogelatlas.nw-ornithologen.de/artkapitel/Rabenkrähe;Corvus corone;{24ef1360-c6ba-465a-b1b1-d57f402834f6}
Raubseeschwalbe;Rss;159424;https://duckduckgo.com/?q=Raubseeschwalbe+NRW;https://duckduckgo.com/?q=Raubseeschwalbe+NRW;Sterna caspia;{ea74ec92-74ba-41f6-be0a-a3edc203f36a}
Raubwürger;Rw;103186;http://brutvogelatlas.nw-ornithologen.de/artkapitel/Raubwürger;http://brutvogelatlas.nw-ornithologen.de/artkapitel/Raubwürger;Lanius excubitor;{f51646f8-f5f8-45ce-a6f4-6d27b4ab3660}
Rauchschwalbe;Rs;103147;http://brutvogelatlas.nw-ornithologen.de/artkapitel/Rauchschwalbe;http://brutvogelatlas.nw-ornithologen.de/artkapitel/Rauchschwalbe;Hirundo rustica;{98af0ac5-4b9e-4866-96ec-f618eddc43f6}
Raufußkauz;Rfk;102971;http://brutvogelatlas.nw-ornithologen.de/artkapitel/Raufußkauz;http://brutvogelatlas.nw-ornithologen.de/artkapitel/Raufußkauz;Aegolius funereus;{7f6424b7-7c30-4620-8756-6dac54b6412d}
Rebhuhn;Re;103024;http://brutvogelatlas.nw-ornithologen.de/artkapitel/Rebhuhn;http://brutvogelatlas.nw-ornithologen.de/artkapitel/Rebhuhn;Perdix perdix;{f73fcfdd-ee64-470a-af28-a52cd58f0d2e}
Reiherente;Rei;102963;http://brutvogelatlas.nw-ornithologen.de/artkapitel/Reiherente;http://brutvogelatlas.nw-ornithologen.de/artkapitel/Reiherente;Aythya fuligula;{52538346-0f83-4259-97b1-676716d31530}
Ringdrossel;Rdr;103101;http://brutvogelatlas.nw-ornithologen.de/artkapitel/Ringdrossel;http://brutvogelatlas.nw-ornithologen.de/artkapitel/Ringdrossel;Turdus torquatus;{490ec5cb-fb59-4147-869a-522e9cd70212}
Ringeltaube;Rt;103178;http://brutvogelatlas.nw-ornithologen.de/artkapitel/Ringeltaube;http://brutvogelatlas.nw-ornithologen.de/artkapitel/Ringeltaube;Columba palumbus;{869a1441-136a-46b6-93dc-2f5f60f5db7a}
Rohrammer;Ro;102941;http://brutvogelatlas.nw-ornithologen.de/artkapitel/Rohrammer;http://brutvogelatlas.nw-ornithologen.de/artkapitel/Rohrammer;Emberiza schoeniclus;{ef6a7a76-eda5-4345-8891-53eda924ef95}
Rohrdommel;Rod;103078;https://duckduckgo.com/?q=Rohrdommel+NRW;https://duckduckgo.com/?q=Rohrdommel+NRW;Botaurus stellaris;{7cbb5ee5-e1e4-4d44-8bf9-a4a86b89b9e9}
Rohrschwirl;Rsc;103102;http://brutvogelatlas.nw-ornithologen.de/artkapitel/Rohrschwirl;http://brutvogelatlas.nw-ornithologen.de/artkapitel/Rohrschwirl;Locustella luscinioides;{92337b94-dd29-4ce7-abb4-95ae45792b8f}
Rohrweihe;Row;103012;http://brutvogelatlas.nw-ornithologen.de/artkapitel/Rohrweihe;http://brutvogelatlas.nw-ornithologen.de/artkapitel/Rohrweihe;Circus aeruginosus;{04c1a505-39f0-43d0-b70a-811bacafb1e3}
Rosaflamingo;Rfl;19579;http://brutvogelatlas.nw-ornithologen.de/artkapitel/Rosaflamingo;http://brutvogelatlas.nw-ornithologen.de/artkapitel/Rosaflamingo;Phoenicopterus ruber;{d1fa1af7-1ecf-4567-a254-bb6621edf59b}
Rostgans;Rg;152934;http://brutvogelatlas.nw-ornithologen.de/artkapitel/Rostgans;http://brutvogelatlas.nw-ornithologen.de/artkapitel/Rostgans;Tadorna ferruginea;{3aee4cd9-9fee-41f8-975a-955943bdddd6}
Rotdrossel;Rd;103103;https://duckduckgo.com/?q=Rotdrossel+NRW;https://duckduckgo.com/?q=Rotdrossel+NRW;Turdus iliacus;{dd32b624-f4ce-4082-af32-ace91ba80c02}
Rotfußfalke;Rff;159434;https://duckduckgo.com/?q=Rotfußfalke+NRW;https://duckduckgo.com/?q=Rotfußfalke+NRW;Falco vespertinus;{26394bf4-56e8-470a-8dbd-c177345b5b92}
Rothalstaucher;Rht;103032;http://brutvogelatlas.nw-ornithologen.de/artkapitel/Rothalstaucher;http://brutvogelatlas.nw-ornithologen.de/artkapitel/Rothalstaucher;Podiceps grisegena;{6f4dfe6b-485e-4052-b941-e944c2c0d6ee}
Rotkehlchen;R;103104;http://brutvogelatlas.nw-ornithologen.de/artkapitel/Rotkehlchen;http://brutvogelatlas.nw-ornithologen.de/artkapitel/Rotkehlchen;Erithacus rubecula;{bb008b2d-da05-4a46-9cb3-0c913f4cd702}
Rotkopfwürger;Rkw;103187;https://duckduckgo.com/?q=Rotkopfwürger+NRW;https://duckduckgo.com/?q=Rotkopfwürger+NRW;Lanius senator;{433338fa-879d-463d-a376-4c3a332cfaf6}
Rotmilan;Rm;103013;http://brutvogelatlas.nw-ornithologen.de/artkapitel/Rotmilan;http://brutvogelatlas.nw-ornithologen.de/artkapitel/Rotmilan;Milvus milvus;{d59d4b7d-95da-4691-bc69-2a2d20584ee6}
Rotschenkel;Ros;103131;http://brutvogelatlas.nw-ornithologen.de/artkapitel/Rotschenkel;http://brutvogelatlas.nw-ornithologen.de/artkapitel/Rotschenkel;Tringa totanus;{28d2a9d9-c908-47a7-8242-59dac7af2ed6}
Saatgans;Sag;103006;https://duckduckgo.com/?q=Saatgans+NRW;https://duckduckgo.com/?q=Saatgans+NRW;Anser fabalis;{dc0f39d0-51eb-4282-bc8b-471354c64d81}
Saatkrähe;Sa;103061;http://brutvogelatlas.nw-ornithologen.de/artkapitel/Saatkrähe;http://brutvogelatlas.nw-ornithologen.de/artkapitel/Saatkrähe;Corvus frugilegus;{e30bc458-2264-4709-9268-0243dc202d5a}
Sandregenpfeifer;Srp;103075;https://duckduckgo.com/?q=Sandregenpfeifer+NRW;https://duckduckgo.com/?q=Sandregenpfeifer+NRW;Charadrius hiaticula;{9949b7c4-8eb9-4b3c-b3c8-b95968d7a1b8}
Schellente;Sl;102965;https://duckduckgo.com/?q=Schellente+NRW;https://duckduckgo.com/?q=Schellente+NRW;Bucephala clangula;{3a90565e-6d0d-47c9-9b62-0e5c6fafd0c5}
Schilfrohrsänger;Sr;103105;http://brutvogelatlas.nw-ornithologen.de/artkapitel/Schilfrohrsänger;http://brutvogelatlas.nw-ornithologen.de/artkapitel/Schilfrohrsänger;Acrocephalus schoenobaenus;{09b5599a-66d9-4bde-97be-f0507012e439}
Schlagschwirl;Ssc;159439;http://brutvogelatlas.nw-ornithologen.de/artkapitel/Schlagschwirl;http://brutvogelatlas.nw-ornithologen.de/artkapitel/Schlagschwirl;Locustella fluviatilis;{ce19998f-6a4b-4400-af7a-67be1af9d72c}
Schlangenadler;Sla;103014;https://duckduckgo.com/?q=Schlangenadler+NRW;https://duckduckgo.com/?q=Schlangenadler+NRW;Circaetus gallicus;{caecca3b-f4cf-42ea-9068-60669301e64a}
Schleiereule;Se;102972;http://brutvogelatlas.nw-ornithologen.de/artkapitel/Schleiereule;http://brutvogelatlas.nw-ornithologen.de/artkapitel/Schleiereule;Tyto alba;{911282f0-85c7-4229-9bd3-4d2a7c218498}
Schnatterente;Sn;102966;http://brutvogelatlas.nw-ornithologen.de/artkapitel/Schnatterente;http://brutvogelatlas.nw-ornithologen.de/artkapitel/Schnatterente;Anas strepera;{688f297e-f9d5-4c82-bd9e-8d73077e715e}
Schneesperling;Sns;172613;https://duckduckgo.com/?q=Schneesperling+NRW;https://duckduckgo.com/?q=Schneesperling+NRW;Montifringilla nivalis;{672e06d1-2fab-40f1-bc81-53418f84a188}
Schreiadler;Sra;159443;https://duckduckgo.com/?q=Schreiadler+NRW;https://duckduckgo.com/?q=Schreiadler+NRW;Aquila pomarina;{8299bdd8-fad1-46c8-9703-a77e78eb699b}
Schwanzmeise;Sm;103149;http://brutvogelatlas.nw-ornithologen.de/artkapitel/Schwanzmeise;http://brutvogelatlas.nw-ornithologen.de/artkapitel/Schwanzmeise;Aegithalos caudatus;{ea1b30df-87e8-41a0-afa5-9c422c13c5d0}
Schwarzhalstaucher;Sht;103033;http://brutvogelatlas.nw-ornithologen.de/artkapitel/Schwarzhalstaucher;http://brutvogelatlas.nw-ornithologen.de/artkapitel/Schwarzhalstaucher;Podiceps nigricollis;{3b97558e-0224-4565-9433-c3a0629d7825}
Schwarzkehlchen;Swk;103106;http://brutvogelatlas.nw-ornithologen.de/artkapitel/Schwarzkehlchen;http://brutvogelatlas.nw-ornithologen.de/artkapitel/Schwarzkehlchen;Saxicola rubicola;{c479170f-8a4f-4821-a9de-08975fe118b9}
Schwarzkopf-Ruderente;Ske;159446;https://duckduckgo.com/?q=Schwarzkopf-Ruderente+NRW;https://duckduckgo.com/?q=Schwarzkopf-Ruderente+NRW;Oxyura jamaicensis;{e5f94dee-3caf-45a1-b99b-5d392ac55246}
Schwarzkopfmöwe;Skm;103049;http://brutvogelatlas.nw-ornithologen.de/artkapitel/Schwarzkopfmöwe;http://brutvogelatlas.nw-ornithologen.de/artkapitel/Schwarzkopfmöwe;Larus melanocephalus;{a1ca7be7-b874-4f6a-9601-dd0a3811e17d}
Schwarzmilan;Swm;103015;http://brutvogelatlas.nw-ornithologen.de/artkapitel/Schwarzmilan;http://brutvogelatlas.nw-ornithologen.de/artkapitel/Schwarzmilan;Milvus migrans;{217577f2-6c9e-4820-a2ac-d2d8bf4f570e}
Schwarzschwan;Ssw;103144;http://brutvogelatlas.nw-ornithologen.de/artkapitel/Schwarzschwan;http://brutvogelatlas.nw-ornithologen.de/artkapitel/Schwarzschwan;Cygnus atratus;{569b454c-cccc-4f33-9366-6c00ad3bf778}
Schwarzspecht;Ssp;103161;http://brutvogelatlas.nw-ornithologen.de/artkapitel/Schwarzspecht;http://brutvogelatlas.nw-ornithologen.de/artkapitel/Schwarzspecht;Dryocopus martius;{b68fa19c-f219-4002-8030-642123a9df74}
Schwarzstorch;Sst;103175;http://brutvogelatlas.nw-ornithologen.de/artkapitel/Schwarzstorch;http://brutvogelatlas.nw-ornithologen.de/artkapitel/Schwarzstorch;Ciconia nigra;{6bbae79a-280a-4847-876a-9e49ebc1183f}
Seeadler;Sea;103016;https://duckduckgo.com/?q=Seeadler+NRW;https://duckduckgo.com/?q=Seeadler+NRW;Haliaeetus albicilla;{a85999f6-3a8b-4788-90ea-d6f47bdfb321}
Seeregenpfeifer;Ser;159449;https://duckduckgo.com/?q=Seeregenpfeifer+NRW;https://duckduckgo.com/?q=Seeregenpfeifer+NRW;Charadrius alexandrinus;{70ded1b3-1c2c-471b-b6ca-ed269921abf6}
Seggenrohrsänger;Seg;103107;https://duckduckgo.com/?q=Seggenrohrsänger+NRW;https://duckduckgo.com/?q=Seggenrohrsänger+NRW;Acrocephalus paludicola;{65780fd1-b761-4c12-8b9e-92a9f85c081a}
Seidenreiher;Sre;159450;https://duckduckgo.com/?q=Seidenreiher+NRW;https://duckduckgo.com/?q=Seidenreiher+NRW;Egretta garzetta;{12bacba5-b479-4ff0-a4ed-021af0b2b819}
Seidensänger;Ssä;159451;https://duckduckgo.com/?q=Seidensänger+NRW;https://duckduckgo.com/?q=Seidensänger+NRW;Cettia cetti;{d567f66e-0aac-429c-82c1-1e57bac7c365}
Silbermöwe;Sim;103050;http://brutvogelatlas.nw-ornithologen.de/artkapitel/Silbermöwe;http://brutvogelatlas.nw-ornithologen.de/artkapitel/Silbermöwe;Larus argentatus;{7a78c31c-293f-42e2-aef8-8c6bd893d94d}
Silberreiher;Sir;19324;https://duckduckgo.com/?q=Silberreiher+NRW;https://duckduckgo.com/?q=Silberreiher+NRW;Egretta alba;{98d43400-f266-4bce-9727-306a739f882e}
Singdrossel;Sd;103108;http://brutvogelatlas.nw-ornithologen.de/artkapitel/Singdrossel;http://brutvogelatlas.nw-ornithologen.de/artkapitel/Singdrossel;Turdus philomelos;{092e06a5-207f-487a-a4ff-41fc15bba0bd}
Singschwan;Sis;103143;https://duckduckgo.com/?q=Singschwan+NRW;https://duckduckgo.com/?q=Singschwan+NRW;Cygnus cygnus;{3e4aab25-a532-42b9-a9fa-675c5f5c5b98}
Sommergoldhähnchen;Sg;103109;http://brutvogelatlas.nw-ornithologen.de/artkapitel/Sommergoldhähnchen;http://brutvogelatlas.nw-ornithologen.de/artkapitel/Sommergoldhähnchen;Regulus ignicapilla;{eb15585c-41cc-4fe3-99af-7a40d62ee21e}
Sperber;Sp;103017;http://brutvogelatlas.nw-ornithologen.de/artkapitel/Sperber;http://brutvogelatlas.nw-ornithologen.de/artkapitel/Sperber;Accipiter nisus;{82432de0-3e31-48de-a066-72de2af2cbf6}
Sperbergrasmücke;Sgm;159462;https://duckduckgo.com/?q=Sperbergrasmücke+NRW;https://duckduckgo.com/?q=Sperbergrasmücke+NRW;Sylvia nisoria;{44aac28a-ccfe-49bc-bed9-c0afff36e25a}
Sperlingskauz;Spk;102973;http://brutvogelatlas.nw-ornithologen.de/artkapitel/Sperlingskauz;http://brutvogelatlas.nw-ornithologen.de/artkapitel/Sperlingskauz;Glaucidium passerinum;{c00f2af3-4eba-47d0-9d1a-fb4d763d6578}
Spießente;Spe;102967;https://duckduckgo.com/?q=Spießente+NRW;https://duckduckgo.com/?q=Spießente+NRW;Anas acuta;{2ad40370-01d6-4ca1-9efd-4ba8b9f2a2b3}
Sprosser;Spr;159467;https://duckduckgo.com/?q=Sprosser+NRW;https://duckduckgo.com/?q=Sprosser+NRW;Luscinia luscinia;{3a3559db-1508-4b94-aeb6-73301bb97063}
Star;S;103164;http://brutvogelatlas.nw-ornithologen.de/artkapitel/Star;http://brutvogelatlas.nw-ornithologen.de/artkapitel/Star;Sturnus vulgaris;{318e0c3b-09ad-456e-b3c0-9e6243c99189}
Steinadler;Sta;159468;https://duckduckgo.com/?q=Steinadler+NRW;https://duckduckgo.com/?q=Steinadler+NRW;Aquila chrysaetos;{0be779d0-2c0b-433a-857b-07d340e021da}
Steinhuhn;Sth;172615;https://duckduckgo.com/?q=Steinhuhn+NRW;https://duckduckgo.com/?q=Steinhuhn+NRW;Alectoris graeca;{f1e383bf-11da-49ae-843a-e624755832d4}
Steinkauz;Stk;102974;http://brutvogelatlas.nw-ornithologen.de/artkapitel/Steinkauz;http://brutvogelatlas.nw-ornithologen.de/artkapitel/Steinkauz;Athene noctua;{9d245568-1750-4c4c-a3d1-595265b5c499}
Steinrötel;Str;159469;https://duckduckgo.com/?q=Steinrötel+NRW;https://duckduckgo.com/?q=Steinrötel+NRW;Monticola saxatilis;{9b41f504-864d-49ee-8dbc-479c9b67b346}
Steinschmätzer;Sts;103110;http://brutvogelatlas.nw-ornithologen.de/artkapitel/Steinschmätzer;http://brutvogelatlas.nw-ornithologen.de/artkapitel/Steinschmätzer;Oenanthe oenanthe;{9dacc236-b864-4c75-b265-4e3ce0b800ba}
Steinwälzer;Stw;103134;https://duckduckgo.com/?q=Steinwälzer+NRW;https://duckduckgo.com/?q=Steinwälzer+NRW;Arenaria interpres;{e7d703ce-ed75-4cd5-ba85-ee83f6d73031}
Stelzenläufer;Stl;103174;http://brutvogelatlas.nw-ornithologen.de/artkapitel/Stelzenläufer;http://brutvogelatlas.nw-ornithologen.de/artkapitel/Stelzenläufer;Himantopus himantopus;{311de7ed-879a-4087-b7cd-2fe35d65899e}
Steppenmöwe;Spm;159491;https://duckduckgo.com/?q=Steppenmöwe+NRW;https://duckduckgo.com/?q=Steppenmöwe+NRW;Larus cachinnans;{867d6566-8087-4681-9d0e-8833646d1bcc}
Stieglitz;Sti;102996;http://brutvogelatlas.nw-ornithologen.de/artkapitel/Stieglitz;http://brutvogelatlas.nw-ornithologen.de/artkapitel/Stieglitz;Carduelis carduelis;{04a3bee1-1b57-45fa-bb4c-c096cc49c46e}
Stockente;Sto;102968;http://brutvogelatlas.nw-ornithologen.de/artkapitel/Stockente;http://brutvogelatlas.nw-ornithologen.de/artkapitel/Stockente;Anas platyrhynchos;{eb51b776-0903-415a-b411-3cfa0c161c82}
Strandpieper;Stp;103171;https://duckduckgo.com/?q=Strandpieper+NRW;https://duckduckgo.com/?q=Strandpieper+NRW;Anthus petrosus;{25016582-cdcb-4223-9779-d5baf71ed45d}
Straßentaube;Stt;175246;http://brutvogelatlas.nw-ornithologen.de/artkapitel/Straßentaube;http://brutvogelatlas.nw-ornithologen.de/artkapitel/Straßentaube;Columba livia f. domestica;{caaf7743-190f-4a41-85fc-4e9e81cd5f99}
Streifengans;Srg;159474;http://brutvogelatlas.nw-ornithologen.de/artkapitel/Streifengans;http://brutvogelatlas.nw-ornithologen.de/artkapitel/Streifengans;Anser indicus;{b8b12a0c-f711-470e-8dd1-87c5f52b5855}
Sturmmöwe;Stm;103051;http://brutvogelatlas.nw-ornithologen.de/artkapitel/Sturmmöwe;http://brutvogelatlas.nw-ornithologen.de/artkapitel/Sturmmöwe;Larus canus;{84d18c02-c205-47ed-ac0a-99a584baf9ba}
Sumpfmeise;Sum;103042;http://brutvogelatlas.nw-ornithologen.de/artkapitel/Sumpfmeise;http://brutvogelatlas.nw-ornithologen.de/artkapitel/Sumpfmeise;Parus palustris;{8f131e7f-4103-48b5-950f-2fd987131872}
Sumpfohreule;So;102975;http://brutvogelatlas.nw-ornithologen.de/artkapitel/Sumpfohreule;http://brutvogelatlas.nw-ornithologen.de/artkapitel/Sumpfohreule;Asio flammeus;{8b63b4e2-0cc0-47ee-9513-09c4717b4f5f}
Sumpfrohrsänger;Su;103111;http://brutvogelatlas.nw-ornithologen.de/artkapitel/Sumpfrohrsänger;http://brutvogelatlas.nw-ornithologen.de/artkapitel/Sumpfrohrsänger;Acrocephalus palustris;{d711dd14-cb4a-4c9b-9316-9dd0188db468}
Säbelschnäbler;Sb;103173;http://brutvogelatlas.nw-ornithologen.de/artkapitel/Säbelschnäbler;http://brutvogelatlas.nw-ornithologen.de/artkapitel/Säbelschnäbler;Recurvirostra avosetta;{dc245291-0f26-4e47-bce6-b3329815eb7f}
Tafelente;Ta;102969;http://brutvogelatlas.nw-ornithologen.de/artkapitel/Tafelente;http://brutvogelatlas.nw-ornithologen.de/artkapitel/Tafelente;Aythya ferina;{c63e5c59-ee9c-44a7-b229-8056bf378199}
Tannenhäher;Th;103062;http://brutvogelatlas.nw-ornithologen.de/artkapitel/Tannenhäher;http://brutvogelatlas.nw-ornithologen.de/artkapitel/Tannenhäher;Nucifraga caryocatactes;{485f0899-b59b-4179-b491-ad53d15798ba}
Tannenmeise;Tm;103043;http://brutvogelatlas.nw-ornithologen.de/artkapitel/Tannenmeise;http://brutvogelatlas.nw-ornithologen.de/artkapitel/Tannenmeise;Parus ater;{7957f4be-ce30-4038-8e92-68ca1fd5cf08}
Teichhuhn;Tr;103066;http://brutvogelatlas.nw-ornithologen.de/artkapitel/Teichhuhn;http://brutvogelatlas.nw-ornithologen.de/artkapitel/Teichhuhn;Gallinula chloropus;{8d8d5af0-2e78-4d69-bf47-061def49124d}
Teichrohrsänger;T;103112;http://brutvogelatlas.nw-ornithologen.de/artkapitel/Teichrohrsänger;http://brutvogelatlas.nw-ornithologen.de/artkapitel/Teichrohrsänger;Acrocephalus scirpaceus;{be448680-b54a-4eab-b47e-e4900a48d80b}
Tordalk;To;159482;https://duckduckgo.com/?q=Tordalk+NRW;https://duckduckgo.com/?q=Tordalk+NRW;Alca torda;{0523b2ce-6d84-43e5-b8cc-e5e47e7023a5}
Trauerschnäpper;Ts;103113;http://brutvogelatlas.nw-ornithologen.de/artkapitel/Trauerschnäpper;http://brutvogelatlas.nw-ornithologen.de/artkapitel/Trauerschnäpper;Ficedula hypoleuca;{02c68e38-a6fa-4c1e-b4af-66eac47ad3fd}
Trauerseeschwalbe;Tss;103151;http://brutvogelatlas.nw-ornithologen.de/artkapitel/Trauerseeschwalbe;http://brutvogelatlas.nw-ornithologen.de/artkapitel/Trauerseeschwalbe;Chlidonias niger;{c4970869-a585-4201-99be-1afb8328efb4}
Trottellumme;Tl;159484;https://duckduckgo.com/?q=Trottellumme+NRW;https://duckduckgo.com/?q=Trottellumme+NRW;Uria aalge;{94a6d631-43d2-4c15-b5a1-aa408980c031}
Turmfalke;Tf;102981;http://brutvogelatlas.nw-ornithologen.de/artkapitel/Turmfalke;http://brutvogelatlas.nw-ornithologen.de/artkapitel/Turmfalke;Falco tinnunculus;{a36b05f7-b7fa-4297-9ce8-f3dc48c3c6cf}
Turteltaube;Tut;103180;http://brutvogelatlas.nw-ornithologen.de/artkapitel/Turteltaube;http://brutvogelatlas.nw-ornithologen.de/artkapitel/Turteltaube;Streptopelia turtur;{cd1e8953-9317-463d-b629-09044dd110a1}
Tüpfelsumpfhuhn;Tsh;103067;http://brutvogelatlas.nw-ornithologen.de/artkapitel/Tüpfelsumpfhuhn;http://brutvogelatlas.nw-ornithologen.de/artkapitel/Tüpfelsumpfhuhn;Porzana porzana;{48a1ee3d-5f0c-461e-99da-c43ad007c95f}
Türkentaube;Tt;103179;http://brutvogelatlas.nw-ornithologen.de/artkapitel/Türkentaube;http://brutvogelatlas.nw-ornithologen.de/artkapitel/Türkentaube;Streptopelia decaocto;{db6c20cf-de60-445e-aa1d-db3f5f7ad935}
Uferschnepfe;Us;103136;http://brutvogelatlas.nw-ornithologen.de/artkapitel/Uferschnepfe;http://brutvogelatlas.nw-ornithologen.de/artkapitel/Uferschnepfe;Limosa limosa;{cd79feb0-73b4-489e-aea5-766d527d2ad8}
Uferschwalbe;U;103148;http://brutvogelatlas.nw-ornithologen.de/artkapitel/Uferschwalbe;http://brutvogelatlas.nw-ornithologen.de/artkapitel/Uferschwalbe;Riparia riparia;{5debbdab-8155-4b90-892f-fbf9d128d75e}
Uhu;Uh;102976;http://brutvogelatlas.nw-ornithologen.de/artkapitel/Uhu;http://brutvogelatlas.nw-ornithologen.de/artkapitel/Uhu;Bubo bubo;{06b32099-d376-437b-b47d-75c64621fb20}
Wacholderdrossel;Wd;103114;http://brutvogelatlas.nw-ornithologen.de/artkapitel/Wacholderdrossel;http://brutvogelatlas.nw-ornithologen.de/artkapitel/Wacholderdrossel;Turdus pilaris;{c3bbadb6-b3aa-4668-b60f-29fe54ce626c}
Wachtel;Wa;103026;http://brutvogelatlas.nw-ornithologen.de/artkapitel/Wachtel;http://brutvogelatlas.nw-ornithologen.de/artkapitel/Wachtel;Coturnix coturnix;{5fcae087-71a4-4ed7-9738-46fd4b2fcb78}
Wachtelkönig;Wk;103068;http://brutvogelatlas.nw-ornithologen.de/artkapitel/Wachtelkönig;http://brutvogelatlas.nw-ornithologen.de/artkapitel/Wachtelkönig;Crex crex;{33ffb2de-894b-47c8-ae84-64b1b6971ce3}
Waldbaumläufer;Wb;102947;http://brutvogelatlas.nw-ornithologen.de/artkapitel/Waldbaumläufer;http://brutvogelatlas.nw-ornithologen.de/artkapitel/Waldbaumläufer;Certhia familiaris;{384975e9-dab3-484b-9130-9bfd1524c331}
Waldkauz;Wz;102977;http://brutvogelatlas.nw-ornithologen.de/artkapitel/Waldkauz;http://brutvogelatlas.nw-ornithologen.de/artkapitel/Waldkauz;Strix aluco;{86d5b756-20ea-4c36-a4df-7f77e3455bc2}
Waldlaubsänger;Wls;103115;http://brutvogelatlas.nw-ornithologen.de/artkapitel/Waldlaubsänger;http://brutvogelatlas.nw-ornithologen.de/artkapitel/Waldlaubsänger;Phylloscopus sibilatrix;{de6ebb59-4c04-43f0-974d-c55ca1eff55c}
Waldohreule;Wo;102978;http://brutvogelatlas.nw-ornithologen.de/artkapitel/Waldohreule;http://brutvogelatlas.nw-ornithologen.de/artkapitel/Waldohreule;Asio otus;{d7104474-2f97-486a-ae0c-64f581e098bb}
Waldschnepfe;Was;103137;http://brutvogelatlas.nw-ornithologen.de/artkapitel/Waldschnepfe;http://brutvogelatlas.nw-ornithologen.de/artkapitel/Waldschnepfe;Scolopax rusticola;{023327f3-8e56-4a50-84e8-b1eafc6040f9}
Waldwasserläufer;Waw;103138;https://duckduckgo.com/?q=Waldwasserläufer+NRW;https://duckduckgo.com/?q=Waldwasserläufer+NRW;Tringa ochropus;{3f77a1ba-e702-4773-af1f-869b99588e16}
Wanderfalke;Wf;102982;http://brutvogelatlas.nw-ornithologen.de/artkapitel/Wanderfalke;http://brutvogelatlas.nw-ornithologen.de/artkapitel/Wanderfalke;Falco peregrinus;{39e9cc90-1a7d-4187-99d2-3bd2a54eb282}
Warzenente;Wze;0;https://duckduckgo.com/?q=Warzenente+NRW;https://duckduckgo.com/?q=Warzenente+NRW;#NV;{ffe06d2d-f3a7-4be8-8a29-6b78a0bd1c2d}
Wasseramsel;Waa;103181;http://brutvogelatlas.nw-ornithologen.de/artkapitel/Wasseramsel;http://brutvogelatlas.nw-ornithologen.de/artkapitel/Wasseramsel;Cinclus cinclus;{02fcedea-0c4e-4da8-9076-ac7201a67e01}
Wasserralle;Wr;103069;http://brutvogelatlas.nw-ornithologen.de/artkapitel/Wasserralle;http://brutvogelatlas.nw-ornithologen.de/artkapitel/Wasserralle;Rallus aquaticus;{a2a93c0b-5623-4ca8-bdd3-d4ce02a62e4c}
Weidenmeise;Wm;103044;http://brutvogelatlas.nw-ornithologen.de/artkapitel/Weidenmeise;http://brutvogelatlas.nw-ornithologen.de/artkapitel/Weidenmeise;Parus montanus;{44445ebc-80a9-4cea-9278-3e52a69fff57}
Weißbart-Seeschwalbe;Wbs;159487;https://duckduckgo.com/?q=Weißbart-Seeschwalbe+NRW;https://duckduckgo.com/?q=Weißbart-Seeschwalbe+NRW;Chlidonias hybrida;{9491e9f3-ed3a-4b2e-a334-dc829c58ef9d}
Weißflügel-Seeschwalbe;Wfs;159490;https://duckduckgo.com/?q=Weißflügel-Seeschwalbe+NRW;https://duckduckgo.com/?q=Weißflügel-Seeschwalbe+NRW;Chlidonias leucopterus;{2543da7f-71a5-492d-98dc-749cdc45026b}
Weißrückenspecht;Wrs;159493;https://duckduckgo.com/?q=Weißrückenspecht+NRW;https://duckduckgo.com/?q=Weißrückenspecht+NRW;Dendrocopos leucotos;{cad76f5a-3e1b-4e62-8fe1-efb38448f428}
Weißstorch;Ws;103176;http://brutvogelatlas.nw-ornithologen.de/artkapitel/Weißstorch;http://brutvogelatlas.nw-ornithologen.de/artkapitel/Weißstorch;Ciconia ciconia;{5f234c57-ab49-4949-84e1-04623b95733f}
Weißwangengans;Wwg;103004;http://brutvogelatlas.nw-ornithologen.de/artkapitel/Weißwangengans;http://brutvogelatlas.nw-ornithologen.de/artkapitel/Weißwangengans;Branta leucopsis;{02384699-7d57-4b23-9773-14c0f1956757}
Wendehals;Wh;103162;http://brutvogelatlas.nw-ornithologen.de/artkapitel/Wendehals;http://brutvogelatlas.nw-ornithologen.de/artkapitel/Wendehals;Jynx torquilla;{06c337f5-edb6-482f-af6e-0c357de26723}
Wespenbussard;Wsb;103018;http://brutvogelatlas.nw-ornithologen.de/artkapitel/Wespenbussard;http://brutvogelatlas.nw-ornithologen.de/artkapitel/Wespenbussard;Pernis apivorus;{ef6c8a52-15e1-4817-a113-8470298885c6}
Westliche Orpheusgrasmücke;Og;0;https://duckduckgo.com/?q=Westliche Orpheusgrasmücke+NRW;https://duckduckgo.com/?q=Westliche Orpheusgrasmücke+NRW;#NV;{a54c4316-3494-4782-8969-84335633ab4e}
Wiedehopf;Wi;103184;https://duckduckgo.com/?q=Wiedehopf+NRW;https://duckduckgo.com/?q=Wiedehopf+NRW;Upupa epops;{5b946c24-d557-41e9-9762-bb28f118b634}
Wiesenpieper;W;103172;http://brutvogelatlas.nw-ornithologen.de/artkapitel/Wiesenpieper;http://brutvogelatlas.nw-ornithologen.de/artkapitel/Wiesenpieper;Anthus pratensis;{9e30bd2d-e575-4c6f-8da5-d834a43976db}
Wiesenschafstelze;St;103170;http://brutvogelatlas.nw-ornithologen.de/artkapitel/Wiesenschafstelze;http://brutvogelatlas.nw-ornithologen.de/artkapitel/Wiesenschafstelze;Motacilla flava;{1c24feec-a1bd-42f9-8e36-af6a88dd6470}
Wiesenweihe;Ww;103019;http://brutvogelatlas.nw-ornithologen.de/artkapitel/Wiesenweihe;http://brutvogelatlas.nw-ornithologen.de/artkapitel/Wiesenweihe;Circus pygargus;{e90ba3c8-d8ff-49fc-b660-787caf8613b4}
Wintergoldhähnchen;Wg;103116;http://brutvogelatlas.nw-ornithologen.de/artkapitel/Wintergoldhähnchen;http://brutvogelatlas.nw-ornithologen.de/artkapitel/Wintergoldhähnchen;Regulus regulus;{5ffced0a-22d8-4181-b6cb-b3d8d4c05ddb}
Würgfalke;Wüf;159498;https://duckduckgo.com/?q=Würgfalke+NRW;https://duckduckgo.com/?q=Würgfalke+NRW;Falco cherrug;{4930f041-f2b2-4373-a2b2-e4788a26b478}
Zaunammer;Za;102943;http://brutvogelatlas.nw-ornithologen.de/artkapitel/Zaunammer;http://brutvogelatlas.nw-ornithologen.de/artkapitel/Zaunammer;Emberiza cirlus;{ecb7dd60-cee3-434f-93e4-ec54ddd745d9}
Zaunkönig;Z;103189;http://brutvogelatlas.nw-ornithologen.de/artkapitel/Zaunkönig;http://brutvogelatlas.nw-ornithologen.de/artkapitel/Zaunkönig;Troglodytes troglodytes;{1ad0f000-d154-434c-8fba-94c13b1cf8f8}
Ziegenmelker;Zm;103190;http://brutvogelatlas.nw-ornithologen.de/artkapitel/Ziegenmelker;http://brutvogelatlas.nw-ornithologen.de/artkapitel/Ziegenmelker;Caprimulgus europaeus;{dcc09d6c-919b-4498-9e40-c7bb0705d294}
Zilpzalp;Zi;103117;http://brutvogelatlas.nw-ornithologen.de/artkapitel/Zilpzalp;http://brutvogelatlas.nw-ornithologen.de/artkapitel/Zilpzalp;Phylloscopus collybita;{71c0c826-ef5c-49b9-a09c-c4f1e260600a}
Zippammer;Zip;102944;http://brutvogelatlas.nw-ornithologen.de/artkapitel/Zippammer;http://brutvogelatlas.nw-ornithologen.de/artkapitel/Zippammer;Emberiza cia;{78ba1a40-cf40-48c5-badc-df9270d3968d}
Zistensänger;Zis;171581;https://duckduckgo.com/?q=Zistensänger+NRW;https://duckduckgo.com/?q=Zistensänger+NRW;Cisticola juncidis;{a0dca6a0-c449-446b-a5f2-7bac8b63052a}
Zitronengirlitz;Zig;159499;https://duckduckgo.com/?q=Zitronengirlitz+NRW;https://duckduckgo.com/?q=Zitronengirlitz+NRW;Serinus citrinella;{01822459-835a-4f15-ba33-6374a71ea30c}
Zitronenstelze;Zit;159500;https://duckduckgo.com/?q=Zitronenstelze+NRW;https://duckduckgo.com/?q=Zitronenstelze+NRW;Motacilla citreola;{9c8c04f9-1586-471e-845e-f6072898a081}
Zwergadler;Zwa;159501;https://duckduckgo.com/?q=Zwergadler+NRW;https://duckduckgo.com/?q=Zwergadler+NRW;Hieraaetus pennatus;{192d40a7-9ddd-45a0-8702-1ee5d887cc0c}
Zwergdommel;Zd;103079;http://brutvogelatlas.nw-ornithologen.de/artkapitel/Zwergdommel;http://brutvogelatlas.nw-ornithologen.de/artkapitel/Zwergdommel;Ixobrychus minutus;{a7646056-a95f-4d51-9e99-8538708bedfa}
Zwergmöwe;Zwm;103052;https://duckduckgo.com/?q=Zwergmöwe+NRW;https://duckduckgo.com/?q=Zwergmöwe+NRW;Hydrocoloeus minutus;{31a3bb99-a057-498f-ad2f-752472a67b3f}
Zwergohreule;Zo;159505;http://brutvogelatlas.nw-ornithologen.de/artkapitel/Zwergohreule;http://brutvogelatlas.nw-ornithologen.de/artkapitel/Zwergohreule;Otus scops;{42934ac9-089b-4fcd-8d77-a17176371804}
Zwergschnepfe;Zsn;103139;https://duckduckgo.com/?q=Zwergschnepfe+NRW;https://duckduckgo.com/?q=Zwergschnepfe+NRW;Lymnocryptes minimus;{67285ab6-db74-4f32-b8f7-4efbc479d42c}
Zwergschnäpper;Zs;103118;https://duckduckgo.com/?q=Zwergschnäpper+NRW;https://duckduckgo.com/?q=Zwergschnäpper+NRW;Ficedula parva;{160f3547-5e8a-4e0e-97ab-bd38c5d6cdae}
Zwergseeschwalbe;Zss;103152;https://duckduckgo.com/?q=Zwergseeschwalbe+NRW;https://duckduckgo.com/?q=Zwergseeschwalbe+NRW;Sternula albifrons;{21e899c5-02bc-4524-bbeb-99aba5ac5ac9}
Zwergtaucher;Zt;103034;http://brutvogelatlas.nw-ornithologen.de/artkapitel/Zwergtaucher;http://brutvogelatlas.nw-ornithologen.de/artkapitel/Zwergtaucher;Tachybaptus ruficollis;{09d1c000-bcf0-4cbb-a5dc-caf7705fbb69}
