uuid;Vorname;Nachname;Email;Telefon
{535b701b-b571-47e9-8c41-984a46262e16};Chris;Husband;;
{53938af3-c180-4b65-8137-edda681188a6};Olaf;Zimball;o.zimball@abu-naturschutz.de;02921/969 878-6
{6a7efe6a-fa00-41f2-9951-732d741c2a35};Petra;Salm;p.salm@abu-naturschutz.de;02921/969 878-5
{79afbb74-c6d6-4718-9044-81c138c07584};Birgit;Beckers;b.beckers@abu-naturschutz.de;02921/969 878-2
{a1be55af-5372-4a57-939a-d250282c4be1};Nicolas;Nierling;n.nierling@abu-naturschutz.de;02921/969 878-52
{d4e4343e-039f-4c8a-9afa-687ea76053d0};Jan;Butterweck;j.butterweck@abu-naturschutz.de;02921/969 878-0
{d5ab3b3d-6e1d-4cec-89fe-262263fa407b};Christian;Härting;c.haerting@abu-naturschutz.de;02921/969 878-41
{da3c5a10-0797-47ee-8bbc-4c6730797c34};Dr. Margret;Bunzel-Drüke;m.bunzel-drueke@abu-naturschutz.de;02921/969 878-1
{e8ed15d0-96e4-40fa-860b-a3d3604c545c};Roland;Loerbroks;r.loerbroks@abu-naturschutz.de;02921/969 878-91
{f00c45b1-cdab-4752-a14c-ff7281d31911};Max;Mustermann;;
{f952829c-df56-4e97-a5e5-3a68dcb39d76};Patrick;Hundorf;p.hundorf@abu-naturschutz.de;02921/969 878-51
