synonym_term;akzeptiert_entityid;parentid;art;quelle;erfasst_von;erfasst_am
acker-hummel;107141;158763;Synonym;synonyme.json (Insekten_Hymenoptera);Erstbestand;
admiral;107999;164691;Synonym;synonyme.json (Insekten_Lepidoptera);Erstbestand;
admrial;107999;164691;Synonym;synonyme.json (Insekten_Lepidoptera);Erstbestand;
aeshna isoceles;6831;162960;Synonym;synonyme.json (Schreibvarianten_Tippfehler);Erstbestand;
aglais io;107931;164691;Synonym;synonyme.json (Insekten_Lepidoptera);Erstbestand;
ambigolimax valentianus;160684;164830;Synonym;synonyme.json (Taxonomische_Umbenennungen);Erstbestand;
ampfer-gruenwidderchen;108003;163213;Synonym;synonyme.json (Insekten_Lepidoptera);Erstbestand;
ampfer-purpurspanner;6355;164283;Synonym;synonyme.json (Insekten_Lepidoptera);Erstbestand;
ampferblattkaefer;173649;161165;Synonym;synonyme.json (Insekten_Kaefer);Erstbestand;
anodonta cygnaea;6599;164830;Synonym;synonyme.json (Schreibvarianten_Tippfehler);Erstbestand;
anthocardis cardamines;107876;164691;Synonym;synonyme.json (Insekten_Lepidoptera);Erstbestand;
argiope bruennechi;102401;165099;Synonym;synonyme.json (Schreibvarianten_Tippfehler);Erstbestand;
asiatischer marienkaefer;173705;161165;Synonym;synonyme.json (Neozoen);Erstbestand;
asiatischer marienkaefer f. succinea;173705;161165;Synonym;synonyme.json (Neozoen);Erstbestand;
bartfledermaus unbest;19042;163127;Synonym;synonyme.json (Saeugetiere);Erstbestand;
bartfledermaus unbestimmt;19042;163127;Synonym;synonyme.json (Saeugetiere);Erstbestand;
baummarder;6565;163127;Synonym;synonyme.json (Schreibvarianten_Tippfehler);Erstbestand;
blaessralle;103064;165844;Synonym;synonyme.json (Voegel);Erstbestand;
blessralle;103064;165844;Synonym;synonyme.json (Voegel);Erstbestand;
braunfrosch;159253;158512;Synonym;synonyme.json (Amphibien_Reptilien);Erstbestand;
braunfrosch unbestimmt;159253;158512;Synonym;synonyme.json (Amphibien_Reptilien);Erstbestand;
carabus arvensis sylvaticus;151943;160553;Synonym;synonyme.json (Schreibvarianten_Tippfehler);Erstbestand;
cepea hortensis;6629;164830;Synonym;synonyme.json (Taxonomische_Umbenennungen);Erstbestand;
cepea nemoralis;6630;164830;Synonym;synonyme.json (Taxonomische_Umbenennungen);Erstbestand;
cercops vulnerata;107015;234830;Synonym;synonyme.json (Taxonomische_Umbenennungen);Erstbestand;
chiroptera spec;159256;163127;Synonym;synonyme.json (Saeugetiere);Erstbestand;
chiroptera unbestimmt;159256;163127;Synonym;synonyme.json (Saeugetiere);Erstbestand;
chrysomela vigintipnctata;105753;161165;Synonym;synonyme.json (Insekten_Kaefer);Erstbestand;
cochlodina biplicata;6615;164830;Synonym;Nachtrag offene Suchterme;Erstbestand;
coenagrion lindenii;151985;162960;Synonym;Nachtrag offene Suchterme;Erstbestand;
congeria leucophaeata;6646;164830;Synonym;synonyme.json (Neozoen) [korrigiert];Erstbestand;
coreus maginatus;106880;166104;Synonym;synonyme.json (Schreibvarianten_Tippfehler);Erstbestand;
dachs;6566;163127;Synonym;synonyme.json (Saeugetiere);Erstbestand;
damhirsch;6560;163127;Synonym;synonyme.json (Schreibvarianten_Tippfehler);Erstbestand;
deutsche wespe;107366;708822;Synonym;synonyme.json (Insekten_Hymenoptera);Erstbestand;
dorcus parallelipipedus;105306;161165;Synonym;synonyme.json (Insekten_Kaefer);Erstbestand;
drosselrohrsaenger;103088;165844;Synonym;synonyme.json (Schreibvarianten_Tippfehler);Erstbestand;
empsis tesselata;106397;166256;Synonym;synonyme.json (Taxonomische_Umbenennungen);Erstbestand;
eratigena atrica;102831;165099;Synonym;synonyme.json (Taxonomische_Umbenennungen);Erstbestand;
eriothrix rufomaculata;106406;166256;Synonym;synonyme.json (Schreibvarianten_Tippfehler);Erstbestand;
feldhase;6530;163127;Synonym;synonyme.json (Saeugetiere);Erstbestand;
frosch unbestimmt;159253;158512;Synonym;synonyme.json (Amphibien_Reptilien);Erstbestand;
gemeine wespe;107368;708822;Synonym;synonyme.json (Insekten_Hymenoptera);Erstbestand;
gomphus flavipes;151993;162960;Synonym;synonyme.json (Taxonomische_Umbenennungen);Erstbestand;
graphosoma italicum;106906;166104;Synonym;synonyme.json (Insekten_Hymenoptera);Erstbestand;
graugans hybride;103000;165844;Synonym;synonyme.json (Voegel);Erstbestand;
graugans-hybride;103000;165844;Synonym;synonyme.json (Voegel);Erstbestand;
grossen brachvogel;103125;165844;Synonym;synonyme.json (Voegel);Erstbestand;
grosser brachvogel;103125;165844;Synonym;synonyme.json (Voegel);Erstbestand;
grosses wiesel;6568;163127;Synonym;synonyme.json (Saeugetiere);Erstbestand;
gruenfrosch;151919;158512;Synonym;Nachtrag offene Suchterme;Erstbestand;
grünfrosch;151919;158512;Synonym;Nachtrag offene Suchterme;Erstbestand;
grünfüssige teichralle;103066;165844;Synonym;synonyme.json (Voegel);Erstbestand;
harmonia axyridis f. succinea;173705;161165;Synonym;synonyme.json (Neozoen);Erstbestand;
hase;6530;163127;Synonym;synonyme.json (Saeugetiere);Erstbestand;
hasen;6530;163127;Synonym;synonyme.json (Saeugetiere);Erstbestand;
hermelin;6568;163127;Synonym;synonyme.json (Saeugetiere);Erstbestand;
iltis;6569;163127;Synonym;synonyme.json (Saeugetiere);Erstbestand;
kanadagans-hybride;103001;165844;Synonym;synonyme.json (Schreibvarianten_Tippfehler);Erstbestand;
kleiner brachvogel;103130;165844;Synonym;synonyme.json (Voegel);Erstbestand;
kleines wiesel;6571;163127;Synonym;synonyme.json (Saeugetiere);Erstbestand;
limnaea stagnalis;6690;164830;Synonym;synonyme.json (Taxonomische_Umbenennungen);Erstbestand;
mauswiesel;6571;163127;Synonym;synonyme.json (Saeugetiere);Erstbestand;
melolontha;105751;161165;Synonym;synonyme.json (Insekten_Kaefer);Erstbestand;
mesembrina merediana;106529;166256;Synonym;synonyme.json (Schreibvarianten_Tippfehler);Erstbestand;
monachia cartusiana;6702;164830;Synonym;synonyme.json (Taxonomische_Umbenennungen);Erstbestand;
myotis brandtii/mystacinus;19042;163127;Synonym;synonyme.json (Saeugetiere) [korrigiert];Erstbestand;
myotis brandtii/mystacius;19042;163127;Synonym;synonyme.json (Saeugetiere) [korrigiert];Erstbestand;
myotis unbest;19042;163127;Synonym;synonyme.json (Saeugetiere);Erstbestand;
myotis unbestimmt;19042;163127;Synonym;synonyme.json (Saeugetiere);Erstbestand;
nachtschwalbe;103190;165844;Synonym;synonyme.json (Voegel);Erstbestand;
pelophylax;151919;158512;Synonym;Nachtrag offene Suchterme;Erstbestand;
phragmatibia fuliginosa;108129;163213;Synonym;synonyme.json (Taxonomische_Umbenennungen);Erstbestand;
phylloptera horticola;162583;161165;Synonym;synonyme.json (Insekten_Kaefer);Erstbestand;
pipistrellus unbest;6529;163127;Synonym;synonyme.json (Saeugetiere);Erstbestand;
pipistrellus unbestimmt;6529;163127;Synonym;synonyme.json (Saeugetiere);Erstbestand;
plecotus unbest;6512;163127;Synonym;synonyme.json (Saeugetiere);Erstbestand;
plecotus unbestimmt;6512;163127;Synonym;synonyme.json (Saeugetiere);Erstbestand;
pseudochorthippus montanus;6920;158667;Synonym;synonyme.json (Taxonomische_Umbenennungen);Erstbestand;
pseudochorthippus parallelus;6921;158667;Synonym;synonyme.json (Taxonomische_Umbenennungen);Erstbestand;
pseudopantera maculata;6382;164283;Synonym;synonyme.json (Taxonomische_Umbenennungen);Erstbestand;
ralle;103069;165844;Synonym;synonyme.json (Schreibvarianten_Tippfehler);Erstbestand;
rallen unbestimmt;103069;165844;Synonym;synonyme.json (Sonstige);Erstbestand;
regenbrachvogel;103130;165844;Synonym;synonyme.json (Voegel);Erstbestand;
reh;6562;163127;Synonym;synonyme.json (Schreibvarianten_Tippfehler);Erstbestand;
rehe;6562;163127;Synonym;synonyme.json (Schreibvarianten_Tippfehler);Erstbestand;
roeseliana roeselii;6942;158667;Synonym;synonyme.json (Taxonomische_Umbenennungen);Erstbestand;
rohrammer;102941;165844;Synonym;synonyme.json (Schreibvarianten_Tippfehler);Erstbestand;
rothirsch;6563;163127;Synonym;synonyme.json (Schreibvarianten_Tippfehler);Erstbestand;
rotwild;6563;163127;Synonym;synonyme.json (Schreibvarianten_Tippfehler);Erstbestand;
schermaus;6555;163127;Synonym;synonyme.json (Saeugetiere);Erstbestand;
schilfrohrsaenger;103105;165844;Synonym;synonyme.json (Schreibvarianten_Tippfehler) [korrigiert];Erstbestand;
schwarzwild;6564;163127;Synonym;synonyme.json (Saeugetiere);Erstbestand;
steinmarder;6573;163127;Synonym;synonyme.json (Schreibvarianten_Tippfehler);Erstbestand;
stockente-hybride;102968;165844;Synonym;synonyme.json (Schreibvarianten_Tippfehler);Erstbestand;
stockenten-hybride;102968;165844;Synonym;synonyme.json (Schreibvarianten_Tippfehler);Erstbestand;
subcoccinella vigintiquatuorpunctata;162671;161165;Synonym;synonyme.json (Insekten_Kaefer);Erstbestand;
tachina fera/magnicornis;106719;166256;Synonym;synonyme.json (Schreibvarianten_Tippfehler);Erstbestand;
teichhuhn;103066;165844;Synonym;synonyme.json (Voegel);Erstbestand;
teichralle;103066;165844;Synonym;synonyme.json (Voegel);Erstbestand;
teichrohrsaenger;103112;165844;Synonym;synonyme.json (Schreibvarianten_Tippfehler);Erstbestand;
tyria jacobaea;152132;163213;Synonym;synonyme.json (Insekten_Lepidoptera);Erstbestand;
tyria jacobeae;152132;163213;Synonym;synonyme.json (Insekten_Lepidoptera);Erstbestand;
volucella pellucens;106743;166256;Synonym;synonyme.json (Schreibvarianten_Tippfehler);Erstbestand;
vulpes;152015;163127;Synonym;Nachtrag offene Suchterme;Erstbestand;
wasserfrosch unbestimmt;151919;158512;Synonym;Nachtrag offene Suchterme;Erstbestand;
wiesel;6571;163127;Synonym;synonyme.json (Saeugetiere);Erstbestand;
wiesel unbest;6571;163127;Synonym;synonyme.json (Saeugetiere);Erstbestand;
wiesel unbestimmt;6571;163127;Synonym;synonyme.json (Saeugetiere);Erstbestand;
wildschwein;6564;163127;Synonym;synonyme.json (Saeugetiere);Erstbestand;
wohlriechende wespe;107366;708822;Synonym;synonyme.json (Insekten_Hymenoptera);Erstbestand;
ziegenmelker;103190;165844;Synonym;synonyme.json (Voegel);Erstbestand;
zwergfledermaus unbest;6529;163127;Synonym;synonyme.json (Saeugetiere);Erstbestand;
zwergfledermaus unbestimmt;6529;163127;Synonym;synonyme.json (Saeugetiere);Erstbestand;
